Rnd,Pick,Tm,Player,Pos,Age,To,AP1,PB,St,wAV,DrAV,G,Cmp,Att,Yds,TD,Int,Att,Yds,TD,Rec,Yds,TD,Solo,Int,Sk
1,1,CIN,Joe Burrow,QB,23,2026,0,3,5,63,63,80,1994,2909,21553,163,52,247,879,12,0,0,0,1,,
1,2,WAS,Chase Young,DE,21,2026,0,1,2,29,20,75,0,0,0,0,0,0,0,0,0,0,0,113,,35.5
1,3,DET,Jeff Okudah,CB,21,2025,0,0,2,11,7,50,0,0,0,0,0,0,0,0,0,0,0,157,2,
1,4,NYG,Andrew Thomas,T,21,2026,0,0,6,33,33,77,0,0,0,0,0,0,0,0,1,2,1,7,,
1,5,MIA,Tua Tagovailoa,QB,22,2025,0,1,6,52,52,78,1647,2421,18166,120,59,173,473,6,0,0,0,,,
1,6,LAC,Justin Herbert,QB,22,2026,0,2,6,74,74,98,2337,3526,25447,166,62,388,1763,15,3,0,0,2,,
1,7,CAR,Derrick Brown,DT,22,2026,0,1,5,35,35,87,0,0,0,0,0,0,0,0,0,0,0,177,2,13
1,8,ARI,Isaiah Simmons,LB,22,2026,0,0,2,20,17,92,0,0,0,0,0,0,0,0,0,0,0,228,5,8.5
1,9,JAX,C.J. Henderson,CB,21,2026,0,0,2,13,4,56,0,0,0,0,0,0,0,0,0,0,0,160,4,1
1,10,CLE,Jedrick Wills Jr.,T,21,2024,0,0,3,24,24,58,0,0,0,0,0,0,0,0,0,0,0,1,,
1,11,NYJ,Mekhi Becton,T,21,2025,0,0,4,21,8,61,0,0,0,0,0,0,0,0,0,0,0,,,
1,12,LVR,Henry Ruggs III,WR,21,2021,0,0,1,8,8,20,0,0,0,0,0,12,65,0,50,921,4,,,
1,13,TAM,Tristan Wirfs,T,21,2026,2,5,6,64,64,94,0,0,0,0,0,0,0,0,1,11,1,1,,
1,14,SFO,Javon Kinlaw,DT,22,2026,0,0,3,27,14,78,0,0,0,0,0,0,0,0,0,0,0,85,1,10.5
1,15,DEN,Jerry Jeudy,WR,21,2026,0,1,5,31,22,95,0,0,0,0,0,7,48,0,356,4946,17,1,,
1,16,ATL,AJ Terrell,CB,21,2026,0,0,6,31,31,95,0,0,0,0,0,0,0,0,0,0,0,285,6,1
1,17,DAL,CeeDee Lamb,WR,21,2026,1,5,6,65,65,98,0,0,0,0,0,59,390,3,591,7725,44,4,,
1,18,MIA,Austin Jackson,T,21,2026,0,0,4,24,24,65,0,0,0,0,0,0,0,0,0,0,0,1,,
1,19,LVR,Damon Arnette,CB,24,2025,0,0,0,2,2,15,0,0,0,0,0,0,0,0,0,0,0,26,,
1,20,JAX,K'Lavon Chaisson,DE,21,2026,0,0,1,17,7,91,0,0,0,0,0,0,0,0,0,0,0,90,1,18.5
1,21,PHI,Jalen Reagor,WR,21,2024,0,0,2,10,7,64,0,0,0,0,0,22,97,0,86,1037,4,3,,
1,22,MIN,Justin Jefferson,WR,21,2026,2,4,6,65,65,97,5,8,91,0,0,15,38,1,592,8659,44,2,,
1,23,LAC,Kenneth Murray,LB,21,2025,0,0,5,32,22,90,0,0,0,0,0,0,0,0,0,0,0,309,3,9.5
1,24,NOR,Cesar Ruiz,C,21,2026,0,0,6,29,29,92,0,0,0,0,0,0,0,0,0,0,0,1,,
1,25,SFO,Brandon Aiyuk,WR,22,2024,0,0,5,39,39,69,0,0,0,0,0,13,117,2,294,4305,25,3,,
1,26,GNB,Jordan Love,QB,21,2026,0,0,3,42,42,60,1046,1650,12379,89,33,137,555,5,0,0,0,,,
1,27,SEA,Jordyn Brooks,LB,22,2026,1,0,5,43,20,100,0,0,0,0,0,0,0,0,0,0,0,505,1,13
1,28,BAL,Patrick Queen,LB,21,2026,0,2,6,54,39,105,0,0,0,0,0,0,0,0,0,0,0,427,5,15.5
1,29,TEN,Isaiah Wilson,T,21,2020,0,0,0,0,0,1,0,0,0,0,0,0,0,0,0,0,0,,,
1,30,MIA,Noah Igbinoghene,CB,20,2026,0,0,1,7,4,71,0,0,0,0,0,0,0,0,0,0,0,82,1,1
1,31,MIN,Jeff Gladney,CB,23,2020,0,0,1,5,5,16,0,0,0,0,0,0,0,0,0,0,0,63,,
1,32,KAN,Clyde Edwards-Helaire,RB,21,2025,0,0,1,18,18,52,0,0,0,0,0,461,1904,12,94,798,7,,,
2,33,CIN,Tee Higgins,WR,21,2026,0,1,5,43,43,88,0,0,0,0,0,5,28,0,403,5685,46,1,,
2,34,IND,Michael Pittman Jr.,WR,22,2026,0,0,6,44,44,98,0,0,0,0,0,11,100,0,492,5343,25,5,,
2,35,DET,D'Andre Swift,RB,21,2026,0,1,3,44,17,92,0,1,0,0,0,1123,5028,41,279,2165,9,,,
2,36,NYG,Xavier McKinney,S,22,2026,1,1,5,39,15,85,0,0,0,0,0,0,0,0,0,0,0,303,20,3.5
2,37,NWE,Kyle Dugger,S,24,2026,0,0,5,28,24,93,0,0,0,0,0,0,0,0,0,0,0,323,11,4.5
2,38,CAR,Yetur Gross-Matos,DE,22,2025,0,0,1,18,16,74,0,0,0,0,0,0,0,0,0,0,0,81,,17
2,39,MIA,Robert Hunt,G,24,2026,0,1,5,30,22,82,0,0,0,0,0,1,0,0,0,0,0,,,
2,40,HOU,Ross Blacklock,DT,22,2023,0,0,0,4,3,44,0,0,0,0,0,0,0,0,0,0,0,27,,3
2,41,IND,Jonathan Taylor,RB,21,2026,1,3,5,58,58,87,0,0,0,0,0,1617,7856,73,196,1536,7,,,
2,42,JAX,Laviska Shenault Jr.,WR,21,2024,0,0,1,13,9,63,0,0,0,0,0,51,253,1,163,1587,6,6,,
2,43,CHI,Cole Kmet,TE,21,2026,0,0,6,25,25,103,0,1,0,0,0,7,8,0,290,2974,22,1,,
2,44,CLE,Grant Delpit,S,21,2026,0,0,4,26,26,82,0,0,0,0,0,0,0,0,0,0,0,306,8,7.5
2,45,TAM,Antoine Winfield Jr.,S,22,2026,1,2,6,44,44,88,0,0,0,0,0,0,0,0,0,0,0,363,9,18
2,46,DEN,KJ Hamler,WR,21,2022,0,0,0,5,5,23,0,0,0,0,0,11,63,0,42,620,3,,,
2,47,ATL,Marlon Davidson,DE,22,2025,0,0,0,5,3,25,0,0,0,0,0,0,0,0,0,0,0,20,1,2
2,48,SEA,Darrell Taylor,DE,23,2025,0,0,0,10,9,69,0,0,0,0,0,0,0,0,0,0,0,88,,24.5
2,49,PIT,Chase Claypool,WR,22,2023,0,0,1,19,17,58,1,1,1,1,0,33,171,2,175,2261,13,7,,
2,50,CHI,Jaylon Johnson,CB,21,2026,0,2,5,30,30,80,0,0,0,0,0,0,0,0,0,0,0,197,8,
2,51,DAL,Trevon Diggs,CB,21,2025,1,2,4,33,33,67,0,0,0,0,0,0,0,0,0,0,0,201,20,1
2,52,LAR,Cam Akers,RB,21,2025,0,0,1,13,10,59,1,1,32,1,0,507,2044,13,52,388,4,,,
2,53,PHI,Jalen Hurts,QB,22,2026,0,3,5,79,79,96,1598,2480,18511,115,48,795,3641,64,1,3,0,2,,
2,54,BUF,A.J. Epenesa,DE,21,2026,0,0,1,18,18,93,0,0,0,0,0,0,0,0,0,0,0,82,4,24
2,55,BAL,J.K. Dobbins,RB,21,2026,0,0,2,22,10,50,0,0,0,0,0,617,3145,25,71,371,1,,,
2,56,MIA,Raekwon Davis,DT,23,2024,0,0,3,23,22,80,0,0,0,0,0,0,0,0,0,0,0,66,,2
2,57,LAR,Van Jefferson,WR,24,2025,0,0,3,19,13,94,0,0,0,0,0,4,23,0,166,2226,13,1,,
2,58,MIN,Ezra Cleveland,T,22,2026,0,0,5,33,17,96,0,0,0,0,0,0,0,0,0,0,0,3,,
2,59,NYJ,Denzel Mims,WR,22,2022,0,0,1,5,5,30,0,0,0,0,0,0,0,0,42,676,0,,,
2,60,NWE,Joshua Uche,LB,21,2026,0,0,0,9,8,79,0,0,0,0,0,0,0,0,0,0,0,83,,21.5
2,61,TEN,Kristian Fulton,CB,22,2026,0,0,4,18,13,67,0,0,0,0,0,0,0,0,0,0,0,169,6,1
2,62,GNB,AJ Dillon,RB,22,2026,0,0,0,24,23,70,0,0,0,0,0,621,2529,16,90,782,2,4,,
2,63,KAN,Willie Gay Jr.,LB,22,2026,0,0,5,27,21,92,0,0,0,0,0,0,0,0,0,0,0,181,4,9
2,64,CAR,Jeremy Chinn,S,22,2026,0,0,5,41,32,89,0,0,0,0,0,2,29,0,0,0,0,361,3,8
3,65,CIN,Logan Wilson,LB,24,2025,0,0,4,32,31,83,0,0,0,0,0,0,0,0,0,0,0,330,11,5.5
3,66,WAS,Antonio Gibson,RB,22,2025,0,0,2,29,23,83,0,0,0,0,0,787,3287,24,197,1495,7,1,,
3,67,DET,Julian Okwara,DE,22,2024,0,0,0,5,4,51,0,0,0,0,0,0,0,0,0,0,0,45,1,10
3,68,NYJ,Ashtyn Davis,S,23,2026,0,0,2,14,10,87,0,0,0,0,0,4,26,0,0,0,0,162,9,0.5
3,69,SEA,Damien Lewis,G,23,2026,0,0,6,35,26,96,0,0,0,0,0,0,0,0,0,0,0,2,,
3,70,MIA,Brandon Jones,S,22,2026,0,0,3,21,10,87,0,0,0,0,0,0,0,0,0,0,0,288,8,8.5
3,71,BAL,Nnamdi Madubuike,DT,22,2026,0,2,4,38,38,79,0,0,0,0,0,0,0,0,0,0,0,125,,30
3,72,ARI,Josh Jones,T,23,2026,0,0,2,17,13,93,0,0,0,0,0,0,0,0,0,0,0,,,
3,73,JAX,DaVon Hamilton,DT,23,2026,0,0,3,25,25,89,0,0,0,0,0,0,0,0,0,0,0,128,,6
3,74,NOR,Zack Baun,LB,23,2026,1,2,2,39,9,97,0,0,0,0,0,0,0,0,0,0,0,231,4,9
3,75,DET,Jonah Jackson,G,23,2026,0,1,5,32,25,81,0,0,0,0,0,0,0,0,0,0,0,1,,
3,76,TAM,Ke'Shawn Vaughn,RB,23,2024,0,0,0,2,2,46,0,0,0,0,0,105,388,2,14,81,1,,,
3,77,DEN,Michael Ojemudia,CB,22,2022,0,0,0,4,4,22,0,0,0,0,0,0,0,0,0,0,0,63,,
3,78,ATL,Matt Hennessy,C,22,2025,0,0,1,11,10,64,0,0,0,0,0,0,0,0,0,0,0,,,
3,79,NYJ,Jabari Zuniga,DE,23,2022,0,0,0,1,1,12,0,0,0,0,0,0,0,0,0,0,0,6,,1
3,80,LVR,Lynn Bowden Jr.,WR,22,2023,0,0,0,3,,26,1,2,32,0,0,14,64,0,39,294,0,,,
3,81,LVR,Bryan Edwards,WR,21,2022,0,0,1,6,6,35,0,0,0,0,0,1,0,0,48,779,4,,,
3,82,DAL,Neville Gallimore,DT,23,2026,0,0,1,14,8,86,0,0,0,0,0,0,0,0,0,0,0,68,,7.5
3,83,DEN,Lloyd Cushenberry III,C,22,2026,0,0,5,26,21,83,0,0,0,0,0,0,0,0,0,0,0,,,
3,84,LAR,Terrell Lewis,LB,22,2022,0,0,0,5,5,30,0,0,0,0,0,0,0,0,0,0,0,27,1,6
3,85,IND,Julian Blackmon,S,22,2026,0,0,4,20,20,70,0,0,0,0,0,0,0,0,0,0,0,235,11,1.5
3,86,BUF,Zack Moss,RB,22,2024,0,0,1,18,8,61,0,0,0,0,0,558,2318,16,98,710,5,1,,
3,87,NWE,Anfernee Jennings,LB,23,2026,0,0,2,22,22,78,0,0,0,0,0,0,0,0,0,0,0,135,,7.5
3,88,CLE,Jordan Elliott,DT,22,2026,0,0,4,27,17,100,0,0,0,0,0,0,0,0,0,0,0,69,,5
3,89,MIN,Cameron Dantzler,CB,22,2023,0,0,2,10,10,37,0,0,0,0,0,0,0,0,0,0,0,125,3,
3,90,HOU,Jonathan Greenard,DE,23,2026,0,1,4,32,15,78,0,0,0,0,0,0,0,0,0,0,0,139,1,38
3,91,NWE,Devin Asiasi,TE,23,2022,0,0,0,0,0,22,0,0,0,0,0,0,0,0,4,44,1,,,
3,92,BAL,Devin Duvernay,WR,22,2026,1,2,1,12,12,92,0,0,0,0,0,31,222,1,107,1003,5,3,,
3,93,TEN,Darrynton Evans,RB,22,2024,0,0,0,3,1,24,0,0,0,0,0,65,249,1,12,120,1,2,,
3,94,GNB,Josiah Deguara,TE,23,2025,0,0,0,4,4,77,0,0,0,0,0,0,0,0,53,471,3,9,,
3,95,DEN,McTelvin Agim,DT,22,2023,0,0,0,2,2,18,0,0,0,0,0,0,0,0,0,0,0,4,,1.5
3,96,KAN,Lucas Niang,T,22,2023,0,0,0,8,8,33,0,0,0,0,0,0,0,0,0,0,0,2,,
3,97,CLE,Jacob Phillips,LB,21,2022,0,0,0,5,5,20,0,0,0,0,0,0,0,0,0,0,0,57,,3
3,98,BAL,Malik Harrison,LB,22,2026,0,0,1,19,16,90,0,0,0,0,0,0,0,0,0,0,0,122,,2
3,99,NYG,Matt Peart,T,23,2026,0,0,0,7,5,69,0,0,0,0,0,0,0,0,0,0,0,,,
3,100,LVR,Tanner Muse,S,24,2024,0,0,0,2,,36,0,0,0,0,0,0,0,0,0,0,0,15,,
3,101,NWE,Dalton Keene,TE,21,2023,0,0,0,0,0,7,0,0,0,0,0,0,0,0,3,16,0,,,
3,102,PIT,Alex Highsmith,LB,23,2026,0,0,5,35,35,94,0,0,0,0,0,0,0,0,0,0,0,217,3,48
3,103,PHI,Davion Taylor,LB,22,2021,0,0,0,3,3,21,0,0,0,0,0,0,0,0,0,0,0,31,,
3,104,LAR,Terrell Burgess,S,21,2026,0,0,0,4,2,62,0,0,0,0,0,0,0,0,0,0,0,46,,
3,105,NOR,Adam Trautman,TE,23,2026,0,0,4,11,6,97,0,0,0,0,0,0,0,0,117,1238,10,2,,
3,106,BAL,Tyre Phillips,T,23,2024,0,0,1,11,6,47,0,0,0,0,0,0,0,0,0,0,0,,,
4,107,CIN,Akeem Davis-Gaither,LB,22,2026,0,0,1,14,9,91,0,0,0,0,0,0,0,0,0,0,0,188,3,0.5
4,108,WAS,Saahdiq Charles,T,21,2025,0,0,1,8,8,37,0,0,0,0,0,0,0,0,0,0,0,,,
4,109,LVR,John Simpson,G,23,2026,0,0,4,28,9,89,0,0,0,0,0,0,0,0,0,0,0,,,
4,110,NYG,Darnay Holmes,CB,22,2025,0,0,0,8,7,83,0,0,0,0,0,0,0,0,0,0,0,116,4,1.5
4,111,MIA,Solomon Kindley,G,23,2021,0,0,1,6,6,29,0,0,0,0,0,0,0,0,0,0,0,,,
4,112,LAC,Joshua Kelley,RB,22,2024,0,0,0,9,9,57,0,0,0,0,0,321,1150,6,50,319,0,1,,
4,113,CAR,Troy Pride Jr.,CB,22,2024,0,0,0,3,3,17,0,0,0,0,0,0,0,0,0,0,0,29,,
4,114,ARI,Leki Fotu,DT,22,2025,0,0,2,11,9,66,0,0,0,0,0,0,0,0,0,0,0,46,,4.5
4,115,CLE,Harrison Bryant,TE,22,2025,0,0,3,7,7,90,0,0,0,0,0,6,16,0,100,884,10,7,,
4,116,JAX,Ben Bartch,G,22,2026,0,0,1,9,8,57,0,0,0,0,0,0,0,0,0,0,0,,,
4,117,MIN,D.J. Wonnum,DE,22,2026,0,0,3,26,17,89,0,0,0,0,0,0,0,0,0,0,0,146,1,32
4,118,DEN,Albert Okwuegbunam,TE,22,2025,0,0,0,5,5,31,0,0,0,0,0,0,0,0,59,582,4,,,
4,119,ATL,Mykal Walker,LB,23,2025,0,0,2,16,11,88,0,0,0,0,0,0,0,0,0,0,0,142,4,1
4,120,NYJ,La'Mical Perine,RB,22,2023,0,0,0,3,2,17,0,0,0,0,0,94,340,2,14,96,0,,,
4,121,DET,Logan Stenberg,G,23,2022,0,0,0,3,3,25,0,0,0,0,0,0,0,0,0,0,0,,,
4,122,IND,Jacob Eason,QB,22,2022,0,0,0,0,0,2,5,10,84,0,2,0,0,0,0,0,0,,,
4,123,DAL,Reggie Robinson II,CB,23,2020,0,0,0,0,0,5,0,0,0,0,0,0,0,0,0,0,0,1,,
4,124,PIT,Anthony McFarland Jr.,RB,22,2023,0,0,0,1,1,17,0,0,0,0,0,42,146,0,11,87,0,,,
4,125,NYJ,James Morgan,QB,23,,0,0,0,,,,,,,,,,,,,,,,,
4,126,HOU,Charlie Heck,T,23,2025,0,0,1,15,9,67,0,0,0,0,0,0,0,0,0,8,0,,,
4,127,PHI,K'Von Wallace,S,23,2025,0,0,0,9,4,74,0,0,0,0,0,0,0,0,0,0,0,126,1,
4,128,BUF,Gabe Davis,WR,21,2025,0,0,4,28,26,80,0,0,0,0,0,2,-2,0,195,3098,30,3,,
4,129,NYJ,Cameron Clark,T,22,,0,0,0,,,,,,,,,,,,,,,,,
4,130,MIN,James Lynch,DT,21,2026,0,0,0,6,5,74,0,0,0,0,0,0,0,0,0,0,0,55,,3.5
4,131,ARI,Rashard Lawrence,DT,22,2022,0,0,0,6,6,25,0,0,0,0,0,0,0,0,0,0,0,21,,
4,132,MIN,Troy Dye,LB,23,2026,0,0,1,14,6,96,0,0,0,0,0,0,0,0,0,0,0,116,,4
4,133,SEA,Colby Parkinson,TE,21,2026,0,0,2,11,5,89,0,0,0,0,0,0,0,0,133,1341,13,1,,
4,134,ATL,Jaylinn Hawkins,S,23,2026,0,0,2,17,9,93,0,0,0,0,0,0,0,0,0,0,0,153,8,2
4,135,PIT,Kevin Dotson,G,23,2026,0,0,4,32,10,87,0,0,0,0,0,0,0,0,0,0,0,,,
4,136,LAR,Brycen Hopkins,TE,23,2023,0,0,0,2,2,39,0,0,0,0,0,0,0,0,13,196,0,1,,
4,137,JAX,Josiah Scott,CB,21,2023,0,0,0,3,0,39,0,0,0,0,0,0,0,0,0,0,0,38,2,1
4,138,KAN,L'Jarius Sneed,S,23,2026,0,0,3,22,19,72,0,0,0,0,0,0,0,0,0,0,0,272,10,6.5
4,139,LVR,Amik Robertson,CB,22,2026,0,0,2,14,9,89,0,0,0,0,0,0,0,0,0,0,0,179,5,2
4,140,JAX,Shaquille Quarterman,LB,22,2024,0,0,0,5,4,74,0,0,0,0,0,0,0,0,0,0,0,34,,
4,141,HOU,John Reid,CB,24,2022,0,0,0,2,1,27,0,0,0,0,0,0,0,0,0,0,0,23,,
4,142,WAS,Antonio Gandy-Golden,WR,22,2021,0,0,0,0,0,10,0,0,0,0,0,1,22,0,1,3,0,,,
4,143,BAL,Ben Bredeson,G,22,2026,0,0,3,21,1,76,0,0,0,0,0,0,0,0,1,0,0,,,
4,144,SEA,DeeJay Dallas,RB,21,2026,0,0,0,7,6,87,0,1,0,0,1,127,548,4,66,420,2,19,,
4,145,PHI,Jack Driscoll,G,23,2024,0,0,0,12,12,67,0,0,0,0,0,0,0,0,0,0,0,,,
4,146,DAL,Tyler Biadasz,C,22,2025,0,1,5,36,24,92,0,0,0,0,0,0,0,0,0,0,0,2,,
5,147,CIN,Khalid Kareem,DE,22,2026,0,0,0,2,2,37,0,0,0,0,0,0,0,0,0,0,0,25,,1
5,148,SEA,Alton Robinson,DE,22,2021,0,0,0,4,4,30,0,0,0,0,0,0,0,0,0,0,0,26,,5
5,149,IND,Danny Pinter,G,24,2025,0,0,0,7,7,77,0,0,0,0,0,0,0,0,1,2,1,1,,
5,150,NYG,Shane Lemieux,G,23,2024,0,0,1,5,3,25,0,0,0,0,0,0,0,0,0,0,0,,,
5,151,LAC,Joe Reed,WR,22,2020,0,0,0,0,0,11,0,0,0,0,0,5,29,1,0,0,0,1,,
5,152,CAR,Kenny Robinson Jr.,S,21,2021,0,0,0,1,1,19,0,0,0,0,0,0,0,0,0,0,0,12,,
5,153,SFO,Colton McKivitz,T,24,2026,0,0,3,24,24,82,0,0,0,0,0,0,0,0,0,0,0,1,,
5,154,MIA,Jason Strowbridge,DE,23,2020,0,0,0,1,1,8,0,0,0,0,0,0,0,0,0,0,0,1,,
5,155,CHI,Trevis Gipson,DE,23,2026,0,0,1,11,9,69,0,0,0,0,0,0,0,0,0,0,0,51,,13
5,156,WAS,Keith Ismael,C,22,2023,0,0,0,3,2,31,0,0,0,0,0,0,0,0,0,0,0,,,
5,157,JAX,Daniel Thomas,S,22,2026,0,0,0,5,5,85,0,0,0,0,0,0,0,0,0,0,0,62,1,
5,158,NYJ,Bryce Hall,CB,22,2024,0,0,2,10,10,40,0,0,0,0,0,0,0,0,0,0,0,104,2,0.5
5,159,NWE,Justin Rohrwasser,K,23,,0,0,0,,,,,,,,,,,,,,,,,
5,160,CLE,Nick Harris,C,21,2024,0,0,0,5,5,45,0,0,0,0,0,0,0,0,0,0,0,1,,
5,161,TAM,Tyler Johnson,WR,22,2025,0,0,0,9,5,61,0,0,0,0,0,0,0,0,88,1025,5,1,,
5,162,WAS,Khaleke Hudson,LB,22,2024,0,0,0,7,7,75,0,0,0,0,0,0,0,0,0,0,0,66,,1
5,163,CHI,Kindle Vildor,CB,22,2025,0,0,2,10,7,80,0,0,0,0,0,0,0,0,0,0,0,98,2,1
5,164,MIA,Curtis Weaver,DE,22,2021,0,0,0,0,,1,0,0,0,0,0,0,0,0,0,0,0,,,
5,165,JAX,Collin Johnson,WR,22,2024,0,0,0,3,2,38,0,0,0,0,0,0,0,0,31,394,2,3,,
5,166,DET,Quintez Cephus,WR,22,2022,0,0,0,5,5,22,0,0,0,0,0,0,0,0,37,568,4,4,,
5,167,BUF,Jake Fromm,QB,22,2021,0,0,0,1,,3,27,60,210,1,3,8,65,0,0,0,0,,,
5,168,PHI,John Hightower,WR,24,2021,0,0,0,1,1,14,0,0,0,0,0,1,1,0,10,167,0,,,
5,169,MIN,Harrison Hand,CB,21,2022,0,0,0,2,2,27,0,0,0,0,0,0,0,0,0,0,0,28,1,
5,170,BAL,Broderick Washington Jr.,DT,23,2026,0,0,1,15,15,76,0,0,0,0,0,0,0,0,0,0,0,55,,6
5,171,HOU,Isaiah Coulter,WR,21,2021,0,0,0,0,0,4,0,0,0,0,0,0,0,0,0,0,0,,,
5,172,DET,Jason Huntley,RB,22,2021,0,0,0,0,,6,0,0,0,0,0,18,70,0,1,0,0,,,
5,173,CHI,Darnell Mooney,WR,22,2026,0,0,5,33,23,94,0,1,0,0,0,14,68,1,315,4123,17,6,,
5,174,TEN,Larrell Murchison,DT,23,2025,0,0,0,7,4,60,0,0,0,0,0,0,0,0,0,0,0,20,,4
5,175,GNB,Kamal Martin,LB,22,2021,0,0,0,4,3,16,0,0,0,0,0,0,0,0,0,0,0,19,,1
5,176,MIN,K.J. Osborn,WR,23,2024,0,0,2,13,13,67,0,0,0,0,0,4,16,0,165,1902,16,4,,
5,177,KAN,Michael Danna,DE,22,2026,0,0,3,23,23,88,0,0,0,0,0,0,0,0,0,0,0,96,1,21.5
5,178,DEN,Justin Strnad,LB,24,2026,0,0,0,14,14,86,0,0,0,0,0,0,0,0,0,0,0,110,1,7.5
5,179,DAL,Bradlee Anae,DE,22,2021,0,0,0,1,1,11,0,0,0,0,0,0,0,0,0,0,0,2,,
6,180,CIN,Hakeem Adeniji,T,22,2025,0,0,0,10,9,55,0,0,0,0,0,0,0,0,0,0,0,,,
6,181,DEN,Netane Muti,G,21,2023,0,0,0,3,3,22,0,0,0,0,0,0,0,0,0,0,0,1,,
6,182,NWE,Michael Onwenu,G,22,2026,0,0,5,33,33,100,0,0,0,0,0,0,0,0,0,0,0,,,
6,183,NYG,Cam Brown,LB,22,2023,0,0,0,4,4,60,0,0,0,0,0,0,0,0,0,0,0,24,,
6,184,CAR,Bravvion Roy,DT,23,2022,0,0,1,9,9,45,0,0,0,0,0,0,0,0,0,0,0,30,1,1
6,185,MIA,Blake Ferguson,LS,23,2024,0,0,0,4,4,72,0,0,0,0,0,0,0,0,0,0,0,4,,
6,186,LAC,Alohi Gilman,S,22,2026,0,0,3,18,14,88,0,0,0,0,0,0,0,0,0,0,0,207,5,1
6,187,CLE,Donovan Peoples-Jones,WR,21,2023,0,0,1,18,17,58,0,0,0,0,0,1,2,0,122,1895,8,2,,
6,188,BUF,Tyler Bass,K,23,2026,0,0,2,13,13,86,0,0,0,0,0,0,0,0,0,0,0,7,,
6,189,JAX,Jake Luton,QB,24,2020,0,0,0,2,2,3,60,110,624,2,6,1,13,1,0,0,0,,,
6,190,SFO,Charlie Woerner,TE,22,2026,0,0,1,0,0,101,0,0,0,0,0,0,0,0,26,214,0,20,,
6,191,NYJ,Braden Mann,P,22,2026,0,0,3,13,7,95,2,3,45,0,0,2,-30,0,0,0,0,4,,
6,192,GNB,Jon Runyan Jr.,T,23,2026,0,0,5,36,26,99,0,0,0,0,0,0,0,0,0,0,0,,,
6,193,IND,Robert Windsor,DT,23,2020,0,0,0,0,0,2,0,0,0,0,0,0,0,0,0,0,0,2,,
6,194,TAM,Khalil Davis,DT,24,2024,0,0,0,3,0,30,0,0,0,0,0,0,0,0,0,0,0,24,,3
6,195,NWE,Justin Herron,T,24,2023,0,0,0,7,6,35,0,0,0,0,0,0,0,0,0,0,0,,,
6,196,PHI,Shaun Bradley,LB,23,2022,0,0,0,3,3,45,0,0,0,0,0,0,0,0,0,0,0,29,,
6,197,DET,John Penisini,DT,23,2021,0,0,1,6,6,32,0,0,0,0,0,0,0,0,0,0,0,23,,1
6,198,PIT,Antoine Brooks Jr.,S,22,2021,0,0,0,1,0,12,0,0,0,0,0,0,0,0,0,0,0,3,,
6,199,LAR,Jordan Fuller,S,22,2025,0,0,3,18,15,63,0,0,0,0,0,0,0,0,0,0,0,205,7,
6,200,PHI,Quez Watkins,WR,22,2023,0,0,1,13,13,49,0,0,0,0,0,4,4,0,98,1249,6,4,,
6,201,BAL,James Proche,WR,23,2025,0,0,0,4,3,71,0,1,0,0,1,0,0,0,34,364,0,1,,
6,202,ARI,Evan Weaver,LB,22,,0,0,0,,,,,,,,,,,,,,,,,
6,203,MIN,Blake Brandel,T,23,2026,0,0,2,15,15,76,0,0,0,0,0,0,0,0,0,0,0,,,
6,204,NWE,Cassh Maluia,LB,21,2020,0,0,0,1,1,9,0,0,0,0,0,0,0,0,0,0,0,,,
6,205,MIN,Josh Metellus,S,22,2026,0,0,2,20,20,99,0,0,0,0,0,0,0,0,0,0,0,242,6,3.5
6,206,JAX,Tyler Davis,TE,23,2022,0,0,0,0,0,39,0,0,0,0,0,0,0,0,8,61,0,10,,
6,207,BUF,Isaiah Hodgins,WR,21,2025,0,0,1,6,0,38,0,0,0,0,0,0,0,0,70,749,8,,,
6,208,GNB,Jake Hanson,C,23,2024,0,0,0,4,1,30,0,0,0,0,0,0,0,0,0,0,0,,,
6,209,GNB,Simon Stepaniak,T,23,,0,0,0,,,,,,,,,,,,,,,,,
6,210,PHI,Prince Tega Wanogho,T,22,2023,0,0,0,1,0,23,0,0,0,0,0,0,0,0,0,0,0,,,
6,211,IND,Isaiah Rodgers,CB,22,2026,0,0,2,18,7,80,0,0,0,0,0,0,0,0,0,0,0,139,5,
6,212,IND,Dezmon Patmon,WR,22,2022,0,0,0,0,0,10,0,0,0,0,0,0,0,0,4,45,1,,,
6,213,IND,Jordan Glasgow,LB,24,2021,0,0,0,2,2,25,0,0,0,0,0,0,0,0,0,0,0,10,,
6,214,SEA,Freddie Swain,WR,22,2022,0,0,0,5,5,37,0,0,0,0,0,5,32,0,42,576,6,2,,
7,215,CIN,Markus Bailey,LB,23,2024,0,0,0,7,7,61,0,0,0,0,0,0,0,0,0,0,0,46,,0.5
7,216,WAS,Kamren Curl,S,21,2026,0,0,6,29,17,96,0,0,0,0,0,0,0,0,0,0,0,393,5,8
7,217,SFO,Jauan Jennings,WR,23,2026,0,0,1,21,21,77,0,0,0,0,0,0,0,0,211,2582,22,2,,
7,218,NYG,Carter Coughlin,LB,23,2024,0,0,0,5,5,56,0,0,0,0,0,0,0,0,0,0,0,31,,1
7,219,BAL,Geno Stone,S,21,2025,0,0,3,22,11,85,0,0,0,0,0,0,0,0,0,0,0,205,14,2
7,220,LAC,K.J. Hill,WR,22,2021,0,0,0,1,1,21,0,0,0,0,0,0,0,0,10,103,0,,,
7,221,CAR,Stantley Thomas-Oliver,CB,22,2024,0,0,0,2,2,26,0,0,0,0,0,0,0,0,0,0,0,12,,
7,222,ARI,Eno Benjamin,RB,21,2022,0,0,0,4,4,24,0,0,0,0,0,111,431,3,31,235,0,1,,
7,223,JAX,Chris Claybrooks,CB,23,2022,0,0,0,5,5,46,0,0,0,0,0,0,0,0,0,0,0,60,,
7,224,TEN,Cole McDonald,QB,22,,0,0,0,,,,,,,,,,,,,,,,,
7,225,MIN,Kenny Willekes,DE,23,2021,0,0,0,1,1,6,0,0,0,0,0,0,0,0,0,0,0,11,,2.5
7,226,CHI,Arlington Hambright,T,24,2024,0,0,0,1,1,15,0,0,0,0,0,0,0,0,0,0,0,,,
7,227,CHI,Lachavious Simmons,G,23,2021,0,0,0,0,0,2,0,0,0,0,0,0,0,0,0,0,0,,,
7,228,ATL,Sterling Hofrichter,P,23,2021,0,0,0,1,1,18,0,0,0,0,0,0,0,0,0,0,0,1,,
7,229,WAS,James Smith-Williams,DE,23,2024,0,0,1,15,13,65,0,0,0,0,0,0,0,0,0,0,0,54,,8
7,230,NWE,Dustin Woodard,C,22,,0,0,0,,,,,,,,,,,,,,,,,
7,231,DAL,Ben DiNucci,QB,23,2020,0,0,0,1,1,3,23,43,219,0,0,6,22,0,0,0,0,,,
7,232,PIT,Carlos Davis,DT,24,2022,0,0,0,1,1,12,0,0,0,0,0,0,0,0,0,0,0,8,,1
7,233,PHI,Casey Toohill,DE,24,2024,0,0,0,11,0,71,0,0,0,0,0,0,0,0,0,0,0,55,,8
7,234,LAR,Clay Johnston,LB,24,2022,0,0,0,2,,31,0,0,0,0,0,0,0,0,0,0,0,17,,
7,235,DET,Jashon Cornell,DT,23,2021,0,0,0,0,0,1,0,0,0,0,0,0,0,0,0,0,0,,,
7,236,GNB,Vernon Scott,S,22,2021,0,0,0,1,1,18,0,0,0,0,0,0,0,0,0,0,0,12,,1
7,237,KAN,Thakarius Keyes,CB,22,2021,0,0,0,1,1,18,0,0,0,0,0,0,0,0,0,0,0,9,,
7,238,NYG,T.J. Brunson,LB,22,2020,0,0,0,0,0,5,0,0,0,0,0,0,0,0,0,0,0,2,,
7,239,BUF,Dane Jackson,CB,23,2025,0,0,1,12,12,64,0,0,0,0,0,0,0,0,0,0,0,144,3,
7,240,NOR,Tommy Stevens,QB,23,2020,0,0,0,0,,1,0,0,0,0,0,4,24,0,0,0,0,,,
7,241,TAM,Chapelle Russell,LB,23,2021,0,0,0,2,1,27,0,0,0,0,0,0,0,0,0,0,0,10,,
7,242,GNB,Jonathan Garvin,DE,21,2022,0,0,0,3,3,38,0,0,0,0,0,0,0,0,0,0,0,17,,1.5
7,243,TEN,Chris Jackson,S,22,2022,0,0,0,2,2,24,0,0,0,0,0,0,0,0,0,0,0,44,,
7,244,MIN,Nate Stanley,QB,23,,0,0,0,,,,,,,,,,,,,,,,,
7,245,TAM,Raymond Calais,RB,22,2020,0,0,0,0,,4,0,0,0,0,0,0,0,0,0,0,0,,,
7,246,MIA,Malcolm Perry,RB,23,2020,0,0,0,1,1,9,0,0,0,0,0,3,5,0,9,92,1,,,
7,247,NYG,Chris Williamson,CB,23,2021,0,0,0,0,,5,0,0,0,0,0,0,0,0,0,0,0,4,,
7,248,LAR,Sam Sloman,K,22,2020,0,0,0,0,0,8,0,0,0,0,0,0,0,0,0,0,0,,,
7,249,MIN,Brian Cole II,S,23,,0,0,0,,,,,,,,,,,,,,,,,
7,250,LAR,Tremayne Anchrum,G,22,2023,0,0,0,2,2,31,0,0,0,0,0,0,0,0,0,0,0,1,,
7,251,SEA,Stephen Sullivan,TE,23,2024,0,0,0,1,0,30,0,0,0,0,0,0,0,0,14,171,0,3,,
7,252,DEN,Tyrie Cleveland,WR,22,2022,0,0,0,0,0,23,0,0,0,0,0,0,0,0,8,91,0,6,,
7,253,MIN,Kyle Hinton,G,22,2026,0,0,0,3,0,55,0,0,0,0,0,0,0,0,0,0,0,,,
7,254,DEN,Derrek Tuszka,LB,23,2022,0,0,0,3,1,39,0,0,0,0,0,0,0,0,0,0,0,21,,2
7,255,NYG,Tae Crowder,LB,23,2023,0,0,2,16,16,43,0,0,0,0,0,0,0,0,0,0,0,124,2,2
