Incident ID,Incident Date,State,City Or County,Address,Victims Killed,Victims Injured,Suspects Killed,Suspects Injured,Suspects Arrested,Operations
3346875,2-Nov-25,California,Winnetka,Saticoy St and Oso Ave,0,4,0,0,0,N/A
3345850,2-Nov-25,California,Elk Grove,8409 Elk Grove Florin Rd,2,2,0,0,0,N/A
3345956,2-Nov-25,Ohio,Akron,933 Top Of The Hill Dr,1,7,0,0,0,N/A
3345889,2-Nov-25,District of Columbia,Washington,2335 Bladensburg Rd NE,0,5,0,0,0,N/A
3345818,2-Nov-25,Illinois,Chicago,3400 block of N Clark St,0,4,0,0,0,N/A
3346630,2-Nov-25,Ohio,Cincinnati,1905 Elm St,0,4,0,0,0,N/A
3346551,1-Nov-25,Florida,Gretna,181 Beech Ave,1,3,0,0,1,N/A
3345842,1-Nov-25,California,Sacramento,3300 block of Paumanok Way,0,4,0,0,0,N/A
3345666,1-Nov-25,Connecticut,New Haven,Church St and Chapel St,1,3,0,0,0,N/A
3345920,1-Nov-25,Arizona,Tucson,W Drexel Rd and S 12th Ave,1,3,0,0,0,N/A
3345289,31-Oct-25,Texas,San Antonio,1200 block of Lee Hall St,0,4,0,0,0,N/A
3345118,31-Oct-25,Oklahoma,Oklahoma City,NW 11th St and N Rockwell Ave,0,5,0,0,0,N/A
3342227,26-Oct-25,Tennessee,Nashville,600 block of Cleveland St,0,4,0,0,0,N/A
3341621,26-Oct-25,Washington,Pasco,5500 block of Robert Wayne Dr,0,6,0,0,2,N/A
3340387,25-Oct-25,North Carolina,Maxton,298 Dixon Dr,2,11,0,0,0,N/A
3341164,25-Oct-25,Pennsylvania,Lincoln University,1570 Baltimore Pike,1,6,0,0,1,N/A
3340194,24-Oct-25,District of Columbia,Washington,600 block of Howard Pl NW,0,5,0,0,2,N/A
3336200,20-Oct-25,California,Buena Park,Beach Blvd and Commonwealth Ave,0,4,0,0,0,N/A
3337769,20-Oct-25,Delaware,Dover,100 block of Mifflin Rd,0,4,0,0,0,N/A
3336659,19-Oct-25,Alabama,Pinson,AL-75 and Clay-Palmerdale Rd,1,3,0,0,1,N/A
3335652,18-Oct-25,Mississippi,Gautier,2726 Ladnier Rd,1,3,0,0,3,N/A
3335079,18-Oct-25,Ohio,Cleveland,7025 Fleet Ave,2,2,0,0,0,N/A
3335450,18-Oct-25,Texas,Dallas,900 block of N Haskell Ave,0,4,0,0,2,N/A
3334505,17-Oct-25,Oklahoma,Bethany,N Rockwell Ave and NW 16th St,0,4,0,0,3,N/A
3334880,17-Oct-25,Pennsylvania,Norristown,2544 W Main St,0,6,0,0,9,N/A
3334113,17-Oct-25,Illinois,Chicago,1100 block of N Dearborn St,0,4,0,0,0,N/A
3334403,17-Oct-25,Texas,Mabank,7000 block of Broken Bow Dr,3,2,1,0,0,N/A
3329357,12-Oct-25,South Carolina,Anderson,208 W Franklin St,2,3,0,0,4,N/A
3329781,12-Oct-25,Texas,Dallas,8300 La Prada Dr,2,3,0,0,1,N/A
3329440,12-Oct-25,South Carolina,Saint Helena Island,7 Dr Martin Luther King Jr Dr,4,16,0,0,0,N/A
3330656,12-Oct-25,Kansas,Wichita,E Morris St and S Clifton Ave,0,4,0,0,1,N/A
3331319,10-Oct-25,South Carolina,Kingstree,Jericho Rd,0,4,0,0,0,N/A
3328758,10-Oct-25,Mississippi,Leland,400 block of Main St,7,12,0,0,9,N/A
3328483,10-Oct-25,Ohio,Youngstown,300 block of Willis Ave,0,4,0,0,0,N/A
3326623,8-Oct-25,Missouri,Saint Louis,5900 block of Wells Ave,1,4,0,0,0,N/A
3326263,7-Oct-25,Minnesota,Minneapolis,420 S 4th St,1,3,0,0,1,N/A
3323482,5-Oct-25,Texas,Fort Worth,3005 Bledsoe St,1,5,0,0,2,N/A
3322765,4-Oct-25,Texas,Angleton,22679 State Hwy 288,2,2,0,0,1,N/A
3323336,4-Oct-25,Alabama,Montgomery,Bibb St and Commerce St,2,12,0,0,4,N/A
3323489,4-Oct-25,Alabama,Mobile,1441 Navco Rd,0,4,1,0,0,N/A
3320275,1-Oct-25,Georgia,Atlanta,2157 Lenox Rd,0,4,0,0,0,N/A
3317486,28-Sep-25,Michigan,Grand Blanc,4285 McCandlish Rd,4,7,1,0,0,N/A
3318495,28-Sep-25,Michigan,Highland Park,14201 2nd Ave,0,4,0,0,0,N/A
3317588,28-Sep-25,Texas,Eagle Pass,794 Lucky Eagle Dr,2,6,0,0,1,N/A
3317532,28-Sep-25,Louisiana,New Orleans,100 block of Bourbon St,1,4,0,0,1,N/A
3319064,28-Sep-25,Alabama,Selma,1200 Woodrow Ave,1,3,0,0,0,N/A
3316718,27-Sep-25,North Carolina,Raleigh,2600 block of E Millbrook Rd,0,4,0,0,0,N/A
3316678,27-Sep-25,Louisiana,Alexandria,7533 US-71,1,4,0,0,2,N/A
3317255,27-Sep-25,North Carolina,Southport,150 Yacht Basin Dr,3,6,0,0,1,N/A
3314438,24-Sep-25,Texas,El Paso,911 N Raynor St,2,1,1,0,0,N/A
3314225,23-Sep-25,California,Hemet,400 block of Steiner Dr,1,3,0,0,0,N/A
3313554,22-Sep-25,Texas,El Paso,10700 Montana Ave,0,5,0,0,1,N/A
3312027,21-Sep-25,Indiana,Indianapolis,7038 Shore Terrace,0,5,0,0,2,N/A
3312054,21-Sep-25,North Carolina,Rocky Mount,2129 Benvenue Rd,1,4,0,0,0,N/A
3313413,20-Sep-25,North Carolina,Burlington (Green Level),W Simpson Rd and Florence Rd,0,5,0,0,1,N/A
3311577,20-Sep-25,Louisiana,Shreveport,1635 Poland St,2,6,0,0,1,N/A
3311924,20-Sep-25,Michigan,Kalamazoo,2730 W Michigan Ave,0,4,0,0,0,N/A
3317906,19-Sep-25,Oregon,Portland,8220 SE Harrison St,0,5,0,0,0,N/A
3311721,19-Sep-25,Nebraska,Omaha,3247 N 42nd St,0,4,0,0,0,N/A
3310864,18-Sep-25,California,Antioch,1821 A St,2,2,0,0,0,N/A
3310815,18-Sep-25,Georgia,Atlanta,942 Hank Aaron Dr SE,0,4,0,0,0,N/A
3311161,18-Sep-25,Florida,Jacksonville,I-10 and I-95,1,3,0,0,0,N/A
3309664,17-Sep-25,Pennsylvania,Spring Grove,1879 Haar Rd,3,2,1,0,0,N/A
3307983,15-Sep-25,Minnesota,Minneapolis,E Lake St and Stevens Ave,1,4,0,0,0,N/A
3308426,15-Sep-25,Minnesota,Minneapolis,28th Ave S and E Lake St,1,7,0,0,1,N/A
3306639,12-Sep-25,Illinois,Chicago,6600 block of S Halsted St,0,4,0,0,0,N/A
3305393,11-Sep-25,Florida,Tampa,6000 block of Woodville St,1,5,0,0,0,N/A
3304563,9-Sep-25,California,San Francisco,1555 Burke St,0,6,0,0,0,N/A
3304605,8-Sep-25,California,Santa Ana,400 S Susan St,1,3,0,0,0,N/A
3303073,7-Sep-25,Ohio,Cleveland,1051 W 10th St,0,5,0,1,3,N/A
3302748,7-Sep-25,Texas,Cleveland,2843 County Rd 5018,2,4,0,0,0,N/A
3303232,7-Sep-25,Tennessee,Memphis,4100 block of Rosewind Cir,0,4,0,0,0,N/A
3302041,6-Sep-25,Virginia,Portsmouth,Manly St and Dahlia St S,1,3,0,0,0,N/A
3300931,3-Sep-25,Missouri,Kansas City,Harrison St and E Armour Blvd,1,4,0,0,0,N/A
3299148,1-Sep-25,New York,Bronx,686 Allerton Ave,1,4,0,0,4,N/A
3298615,1-Sep-25,Illinois,Chicago,3600 block of S Cottage Grove Ave,0,5,0,0,1,N/A
3297880,31-Aug-25,Illinois,Chicago,2700 block of W Haddon Ave,0,4,0,0,0,N/A
3297889,30-Aug-25,Illinois,Chicago Heights,400 block of W 14th St,1,4,0,0,1,N/A
3298204,30-Aug-25,Mississippi,Jackson,5627 Dogwood Trail,2,2,0,0,3,N/A
3297867,30-Aug-25,Illinois,Chicago,3500 block of S State St,0,7,0,0,0,N/A
3297573,29-Aug-25,New York,Syracuse (Geddes),1002 State Fair Blvd,0,4,0,1,2,N/A
3297408,29-Aug-25,Florida,Fort Lauderdale,657 NW 9th St,0,4,0,0,0,N/A
3294737,27-Aug-25,Minnesota,Minneapolis,509 W 54th St,2,27,1,0,0,N/A
3294361,26-Aug-25,California,Los Angeles,8501 S Figueroa St,0,5,0,0,0,N/A
3294369,26-Aug-25,Minnesota,Minneapolis,E 29th St and Clinton Ave,1,6,0,0,1,N/A
3292906,24-Aug-25,Missouri,Kansas City,E 13th St and Grand Blvd,2,3,0,0,0,N/A
3293218,24-Aug-25,Maryland,Hagerstown,11205 John F Kennedy Dr,0,4,0,0,0,N/A
3292691,23-Aug-25,New York,Bronx,Burke Ave and Wickham Ave,2,3,0,0,4,N/A
3292026,22-Aug-25,New York,Bronx,1401 Overing St,0,4,0,0,0,N/A
3289583,18-Aug-25,West Virginia,Mount Carbon,Adena Dr,1,3,1,0,0,N/A
3288282,17-Aug-25,New York,Brooklyn,903 Franklin Ave,1,11,2,0,1,N/A
3288499,17-Aug-25,Virginia,Richmond,1700 block of Clarkson Rd,1,3,0,0,0,N/A
3290521,17-Aug-25,Mississippi,Prentiss,84 Young Rd,1,4,0,0,5,N/A
3290307,16-Aug-25,Washington,Grandview,Apricot Rd and County Line Rd,0,5,0,0,0,N/A
3288024,16-Aug-25,Indiana,Indianapolis,3100 block of Brouse Ave,0,5,0,0,0,N/A
3288736,16-Aug-25,Michigan,Saginaw,S 23rd St and Perkins St,0,5,0,0,0,N/A
3288301,16-Aug-25,Illinois,Chicago,2400 block of W Jackson Blvd,0,4,0,0,0,N/A
3284255,11-Aug-25,Illinois,Chicago,700 block of E 43rd St,0,5,0,0,0,N/A
3285455,11-Aug-25,Oregon,Grants Pass,230 Hussey Ln,4,0,1,0,0,N/A
3283186,10-Aug-25,Illinois,Chicago,100 block of N La Crosse Ave,1,5,0,0,0,N/A
3283977,10-Aug-25,Mississippi,Jackson,357 N Mart Plaza,0,8,0,0,0,N/A
3283199,10-Aug-25,Illinois,Chicago,4500 block of W Wilcox St,0,4,0,0,0,N/A
3283060,9-Aug-25,Maryland,Baltimore,5101 Queensbury Ave,1,5,0,0,0,N/A
3282825,9-Aug-25,Texas,Midland,610 E Industrial Ave,0,4,0,0,1,N/A
3281735,7-Aug-25,Ohio,Cleveland,1900 block of N Taylor Rd,2,2,0,0,1,N/A
3280275,6-Aug-25,Georgia,Fort Stewart,594 Vanguard Rd,0,5,0,0,1,N/A
3278590,4-Aug-25,California,Los Angeles,E 14th Pl and Paloma St,2,6,0,0,0,N/A
3278132,3-Aug-25,California,Fresno,3938 E Ashcroft Ave,0,4,0,0,1,N/A
3278919,3-Aug-25,Virginia,Virginia Beach,4900 block of Gulfstream Cir,0,4,0,0,0,N/A
3278049,3-Aug-25,Iowa,Iowa City,600 block of E Court St,0,4,0,0,2,N/A
3278491,2-Aug-25,Nebraska,Omaha,3501 N 30th St,0,6,0,1,1,N/A
3277877,2-Aug-25,Illinois,Harvey,14400 block of Des Plaines St,0,5,1,1,0,N/A
3276908,1-Aug-25,Montana,Anaconda,819 E 3rd St,4,0,0,0,1,N/A
3276476,30-Jul-25,Georgia,Atlanta,2479 Abner Terrace NW,0,4,0,0,0,N/A
3275972,30-Jul-25,Pennsylvania,Philadelphia,728 S 55th St,0,6,0,0,1,N/A
3276738,29-Jul-25,Tennessee,Tiptonville,Carrington Rd,4,0,0,0,1,N/A
3273804,28-Jul-25,Michigan,Detroit,3344 Puritan Ave,2,2,0,0,1,N/A
3273521,28-Jul-25,Nevada,Reno,2500 E 2nd St,3,3,1,0,0,N/A
3273423,28-Jul-25,Georgia,Atlanta,349 Edgewood Ave,1,10,0,0,1,N/A
3273958,28-Jul-25,New York,New York (Manhattan),345 Park Ave,4,2,1,0,0,N/A
3273415,27-Jul-25,Illinois,Chicago,W Flournoy St and S Springfield Ave,0,4,0,0,1,N/A
3273353,27-Jul-25,Indiana,Indianapolis,3900 block of Hornickel Dr,0,5,0,0,0,N/A
3273527,27-Jul-25,Colorado,Denver,20th St and Market St,0,4,0,0,1,N/A
3274001,27-Jul-25,Michigan,Flint,3241 Industrial Ave,1,4,0,0,0,N/A
3272738,27-Jul-25,Illinois,Mount Vernon,600 block of S 15th St,2,5,0,0,3,N/A
3272694,26-Jul-25,Pennsylvania,Philadelphia,1900 block of W Hunting Park Ave,2,2,0,0,2,N/A
3273390,26-Jul-25,Mississippi,Yazoo City,Leach St,0,4,0,0,0,N/A
3271342,24-Jul-25,Georgia,Atlanta,279 Oak Dr,1,5,0,0,0,N/A
3271477,24-Jul-25,Pennsylvania,Philadelphia,2300 block of N Lambert St,0,4,0,0,0,N/A
3269743,23-Jul-25,California,Needles,1900 block of Erin Dr,1,3,0,0,1,N/A
3267641,20-Jul-25,Mississippi,Waynesboro,Turner St and Grey St,0,5,0,0,0,N/A
3266723,20-Jul-25,Illinois,Chicago,4935 W Ferdinand St,0,4,0,0,0,N/A
3266713,19-Jul-25,Tennessee,Cordova,71 Fern Glade Cove,1,4,0,0,0,N/A
3266988,19-Jul-25,Arkansas,Little Rock,1800 Broadway St,0,4,0,0,1,N/A
3266574,19-Jul-25,Ohio,Cleveland,16400 block of Highview Ave,1,3,0,0,0,N/A
3265909,19-Jul-25,Illinois,Chicago,8200 block of S Houston Ave,1,3,0,0,0,N/A
3264154,15-Jul-25,New York,Bronx,E 187th St and Park Ave,0,4,0,0,0,N/A
3261500,13-Jul-25,Kentucky,Lexington,5899 Old Richmond Rd,2,3,1,0,0,N/A
3262173,13-Jul-25,Texas,Houston,6502 Dixie Dr,2,15,0,0,0,N/A
3261407,13-Jul-25,North Carolina,Charlotte,300 N College St,1,5,0,0,3,N/A
3261161,12-Jul-25,Wisconsin,Milwaukee,618 N Water St,2,3,0,0,1,N/A
3261223,12-Jul-25,Texas,Round Rock,1401 A W Grimes Blvd,2,2,0,0,0,N/A
3261477,12-Jul-25,Pennsylvania,Easton,100 block of Wilkes Barre St,0,6,0,0,2,N/A
3261096,12-Jul-25,Tennessee,Chattanooga,6900 Ty Hi Dr,0,4,0,0,0,N/A
3260230,8-Jul-25,Idaho,Burley,723 E 14th St,4,0,0,0,1,N/A
3255423,7-Jul-25,Ohio,Akron,700 E Exchange St,0,5,0,0,0,N/A
3254794,7-Jul-25,Pennsylvania,Philadelphia,N 62nd St and Vine St,0,4,0,0,0,N/A
3255922,7-Jul-25,California,Los Angeles,10305 Main St,0,4,0,0,0,N/A
3254764,7-Jul-25,Pennsylvania,Philadelphia,1500 block of S Etting St,3,9,0,0,4,N/A
3254338,6-Jul-25,Louisiana,Natchitoches,300 block of Keyser Ave,1,5,0,0,2,N/A
3254122,6-Jul-25,Ohio,Toledo,159 Matzinger Rd,2,2,0,0,0,N/A
3253874,5-Jul-25,Hawaii,Honolulu,Palamea Ln,0,4,0,0,0,N/A
3253521,5-Jul-25,Texas,Dallas,S Good Latimer Expy and Canton St,1,4,0,1,1,N/A
3253096,5-Jul-25,New York,Albany,300 block of Livingston Ave,0,5,0,0,0,N/A
3253722,5-Jul-25,Missouri,Saint Louis,N 9th St and Chambers St,1,3,0,0,0,N/A
3253594,5-Jul-25,Texas,Lubbock,2902 Parkway Dr,0,5,1,0,0,N/A
3253940,5-Jul-25,California,San Francisco,100 block of Harbor Rd,1,4,0,0,0,N/A
3254494,5-Jul-25,Washington,Sedro Woolley,697 Pacific St,1,5,0,0,0,N/A
3253085,5-Jul-25,Massachusetts,Brockton,May St,0,6,0,0,0,N/A
3253102,5-Jul-25,Pennsylvania,Philadelphia,1136 S 11th St,0,8,0,0,1,N/A
3253021,5-Jul-25,Illinois,Chicago,2700 block of S California Blvd,0,4,0,0,0,N/A
3254389,5-Jul-25,Alabama,Talladega,1509 Old Shocco Rd,4,0,0,0,1,N/A
3253050,5-Jul-25,Indiana,Indianapolis,W Washington St and S Illinois St,2,5,0,0,4,N/A
3253569,5-Jul-25,Ohio,Cleveland,11501 Buckeye Rd,1,5,0,0,0,N/A
3253812,4-Jul-25,California,Los Angeles,626 W 99th St,0,4,0,0,0,N/A
3253257,4-Jul-25,New York,Albany,333 Madison Ave,1,3,0,0,3,N/A
3252972,4-Jul-25,Illinois,Chicago,4859 S Justine St,0,7,0,0,0,N/A
3252547,4-Jul-25,Ohio,Columbus,827 Wilson Ave,1,5,0,0,0,N/A
3253178,4-Jul-25,Virginia,Charlottesville,Orangedale Ave,0,5,0,0,1,N/A
3253871,4-Jul-25,Ohio,Dayton,1600 block of W Grand Ave,0,4,0,0,0,N/A
3252080,3-Jul-25,Illinois,Chicago,1607 W 59th St,0,4,0,0,0,N/A
3251873,3-Jul-25,Illinois,Chicago,600 block of E 133rd St,0,5,0,0,0,N/A
3252377,3-Jul-25,Georgia,Atlanta,600 SE Martin St,0,4,0,0,0,N/A
3251635,2-Jul-25,Illinois,Chicago,311 W Chicago Ave,4,14,0,0,0,N/A
3251608,1-Jul-25,Kentucky,Nicholasville,Brannon Rd and US-27,0,4,0,0,0,N/A
3249480,29-Jun-25,South Carolina,Kingstree,200 N Brooks St,2,2,0,0,1,N/A
3248471,29-Jun-25,Alabama,Mobile,Springhill Ave and Catherine St,0,4,0,0,0,N/A
3248330,28-Jun-25,Missouri,Kansas City,E 24th St and Lister Ave,1,3,0,0,0,N/A
3248741,28-Jun-25,Texas,Austin,900 E Braker Ln,0,4,0,0,0,N/A
3248162,28-Jun-25,Louisiana,New Orleans,8500 block of Bill St,0,4,0,0,0,N/A
3249173,28-Jun-25,Ohio,Columbus,800 block of Avonia Dr,1,3,0,0,0,N/A
3248449,28-Jun-25,Ohio,Springfield,1000 block of W Rose St,1,4,0,0,0,N/A
3248058,27-Jun-25,Oregon,Portland,14919 SE Stark St,0,4,0,0,1,N/A
3247121,26-Jun-25,New Jersey,Trenton,100 block of Passaic St,1,3,0,0,2,N/A
3246330,25-Jun-25,Mississippi,Moorhead,800 E Southern Ave,0,4,0,0,0,N/A
3245226,23-Jun-25,Georgia,Jonesboro,148 Church St,0,4,0,0,1,N/A
3244129,23-Jun-25,New Jersey,Newark,367 6th Ave W,1,4,0,0,0,N/A
3243988,23-Jun-25,Maryland,Baltimore,2500 block of Edmondson Ave,0,4,0,0,0,N/A
3243663,23-Jun-25,Maryland,Baltimore,1900 block of McHenry St,0,4,0,0,0,N/A
3242938,22-Jun-25,Missouri,Springfield,505 E St Louis St,0,4,0,0,0,N/A
3242853,22-Jun-25,Michigan,Ferndale,21298 Majestic Ave,1,3,0,0,0,N/A
3242627,22-Jun-25,Louisiana,Baton Rouge,3535 S Choctaw Dr,1,6,0,0,2,N/A
3242908,22-Jun-25,Missouri,Kansas City,Vine St and E 19th St,2,4,0,0,1,N/A
3242610,22-Jun-25,New Jersey,East Orange,375 Central Ave,0,4,0,0,0,N/A
3243238,22-Jun-25,Pennsylvania,Pittsburgh,N St Clair St and Broad St,0,5,0,0,2,N/A
3242524,21-Jun-25,California,Moreno Valley,12000 block of Orchid Ln,0,6,0,0,0,N/A
3242684,21-Jun-25,Oklahoma,Tulsa,E Admiral Pl and S 122nd E Ave,0,6,0,0,0,N/A
3242475,21-Jun-25,South Carolina,Anderson,2009 Scarborough Rd,1,9,0,0,3,N/A
3242658,21-Jun-25,Oklahoma,Tulsa,300 block of N Greenwood Ave,1,7,0,0,3,N/A
3242431,21-Jun-25,California,Compton,1300 W El Segundo Blvd,0,4,0,0,0,N/A
3242052,20-Jun-25,Wisconsin,Milwaukee,8300 block of W Brown Deer Rd,2,3,0,0,1,N/A
3240121,19-Jun-25,Oklahoma,Tulsa,1264 S Lawton Ave,0,5,0,0,0,N/A
3239589,17-Jun-25,Mississippi,Louisville,200 block of W College St,1,3,0,0,1,N/A
3238923,17-Jun-25,Wisconsin,Milwaukee,1000 block of W Mineral St,0,4,0,0,0,N/A
3238015,16-Jun-25,Ohio,Cleveland,5900 block of Luther Ave,1,6,0,0,0,N/A
3235671,16-Jun-25,Florida,Miami,NW 62nd St and NW 2nd Ave,2,2,0,0,0,N/A
3237753,16-Jun-25,Ohio,Middletown,1200 Elliott Dr,1,3,0,0,2,N/A
3234040,15-Jun-25,Ohio,Canton,2900 8th St NE,0,4,0,0,0,N/A
3234286,15-Jun-25,Connecticut,Hartford,181 Homestead Ave,0,5,0,0,0,N/A
3234370,15-Jun-25,Utah,Salt Lake City (West Valley City),5405 W 3100 S,3,2,0,0,1,N/A
3245191,15-Jun-25,Pennsylvania,Johnstown,74 Fairfield Ave,0,4,0,0,0,N/A
3233803,15-Jun-25,Indiana,Elkhart,W Garfield Ave and Benham Ave,1,11,0,0,0,N/A
3233357,15-Jun-25,Michigan,Detroit,N/A,0,5,0,0,0,N/A
3233175,14-Jun-25,Nevada,Reno,Raggio Pkwy,1,4,0,0,0,N/A
3233431,14-Jun-25,Tennessee,Nashville,Westchester Dr and Brick Church Pike,1,4,0,0,1,N/A
3233889,14-Jun-25,Missouri,Kansas City,3500 Prospect Ave,2,3,0,0,0,N/A
3232732,14-Jun-25,Minnesota,Minneapolis (Brooklyn Park),8710 Windsor Terrace N,2,2,0,0,1,N/A
3238280,14-Jun-25,Mississippi,Greenville,1500 block of S Colorado St,0,4,0,0,0,N/A
3233274,14-Jun-25,Ohio,Columbus,S Ludlow St and W Town St,1,6,0,0,0,N/A
3232994,14-Jun-25,Delaware,Dover,400 block of Barrister Pl,1,4,0,0,1,N/A
3231819,11-Jun-25,Florida,Jacksonville,5020 Cleveland Rd,1,3,0,0,0,N/A
3231555,11-Jun-25,Michigan,Detroit,14300 block of Mettetal St,0,4,0,0,1,N/A
3231072,9-Jun-25,Georgia,Augusta,2101 Walton Way,0,4,0,0,0,N/A
3229184,9-Jun-25,District of Columbia,Washington,1200 block of Mt Olivet Rd NE,1,3,0,0,0,N/A
3228035,8-Jun-25,Ohio,Cleveland,4071 Lee Rd,0,7,0,0,4,N/A
3228413,8-Jun-25,Wisconsin,Milwaukee,300 block of W McKinley Ave,0,4,0,0,0,N/A
3228293,8-Jun-25,Georgia,Lagrange,105 Seminary St,1,6,0,0,0,N/A
3228103,7-Jun-25,Virginia,Portsmouth,400 block of Viking St,0,4,0,0,0,N/A
3227904,7-Jun-25,North Carolina,Sanford,102 E Trade St,0,5,0,1,3,N/A
3228792,7-Jun-25,Michigan,Benton Harbor,1000 block of Bishop St,0,6,0,0,0,N/A
3227101,6-Jun-25,South Carolina,Columbia,2408 Lincoln St,1,3,0,0,2,N/A
3227478,6-Jun-25,Louisiana,Cheneyville,200 block of Derbourne St,0,5,0,0,13,N/A
3226727,5-Jun-25,Texas,Dallas,3412 S Malcolm X Blvd,0,7,0,0,0,N/A
3222953,1-Jun-25,North Carolina,Hickory,1125 Walnut Acres Dr,1,12,0,0,6,N/A
3223359,1-Jun-25,North Carolina,Asheville,College St and Rankin Ave,0,4,1,0,0,N/A
3223058,1-Jun-25,Virginia,Danville,Carver Dr and Cheyenne Dr,1,4,0,0,2,N/A
3223558,1-Jun-25,Minnesota,Minneapolis,724 Sibley St NE,1,4,0,2,4,N/A
3223369,31-May-25,Georgia,Snellville,2500 Sawyer Pkwy SW,0,5,0,0,2,N/A
3223123,31-May-25,Mississippi,Fayette,1483 Main St,1,8,0,0,3,N/A
3222306,31-May-25,Illinois,Chicago,7800 block of S Throop St,0,7,0,0,0,N/A
3222806,31-May-25,Indiana,Clarksville,1909 Greentree Blvd,0,4,0,0,2,N/A
3221157,29-May-25,Indiana,Haubstadt,12000 block of S Scottsdale Dr,3,1,0,0,1,N/A
3220578,28-May-25,Washington,Lakewood,8928 N Thorne Ln SW,0,7,0,0,1,N/A
3220528,28-May-25,Hawaii,Waianae,Lahaina St and Jade St,1,3,0,1,4,N/A
3220589,28-May-25,Georgia,Atlanta,2261 Cascade Rd SW,0,4,0,0,0,N/A
3219130,27-May-25,Connecticut,Waterbury,495 Union St,0,5,0,0,1,N/A
3218775,26-May-25,Pennsylvania,Philadelphia,N Lemon Hill Dr and Sedgley Dr,2,9,0,0,0,N/A
3218025,25-May-25,South Carolina,Little River,1522 Watson Ave,0,10,0,0,1,N/A
3217732,25-May-25,Tennessee,Oak Ridge,S Benedict Ave,0,9,0,0,0,N/A
3217632,24-May-25,Tennessee,Jackson,2700 N Parkway E,0,6,0,1,1,N/A
3217494,24-May-25,Colorado,Colorado Springs,1429 Potter Dr,0,6,0,0,1,N/A
3217117,23-May-25,Pennsylvania,Chester,205 E 10th St,1,4,0,0,0,N/A
3217276,22-May-25,Texas,Mckinney,7560 SH-121,1,3,0,0,1,N/A
3212153,18-May-25,Missouri,Saint Louis,800 block of Schirmer St,4,0,0,0,0,N/A
3251434,18-May-25,Arizona,Tucson,1100 block of S 6th Ave,0,4,0,0,0,N/A
3212178,18-May-25,Georgia,Macon,4376 Log Cabin Dr,3,6,0,0,3,N/A
3211829,17-May-25,Michigan,Jackson,103 Lincoln Ct,1,3,0,0,0,N/A
3211604,17-May-25,Washington,Seattle,172 S Washington St,3,1,0,0,3,N/A
3211202,16-May-25,Nevada,Las Vegas,1725 N Rainbow Blvd,1,4,1,0,0,N/A
3211548,16-May-25,Illinois,Chicago,600 block of S Homan Ave,0,4,0,0,0,N/A
3209696,11-May-25,Georgia,Valdosta,700 block of E Gordon St,0,4,0,0,1,N/A
3206964,11-May-25,South Carolina,Florence,3027 E Palmetto St,1,5,0,1,1,N/A
3210524,10-May-25,California,Paramount,7718 Somerset Blvd,0,4,0,0,0,N/A
3206682,10-May-25,Pennsylvania,Philadelphia,N 33rd St and W Girard Ave,0,4,0,0,0,N/A
3206957,10-May-25,California,Los Angeles,N/A,0,6,0,0,0,N/A
3206052,9-May-25,Michigan,Eastpointe,8 Mile and Kelly Rd,1,4,0,0,1,N/A
3206048,9-May-25,Michigan,Detroit,15700 block of Patton St,2,2,0,0,1,N/A
3205141,7-May-25,Connecticut,Hartford,Nelson St,0,4,0,0,0,N/A
3203108,6-May-25,Tennessee,Memphis,2536 N Watkins Rd,2,3,0,0,0,N/A
3203064,5-May-25,Oklahoma,Oklahoma City,308 NW 10th St,0,7,0,0,3,N/A
3203683,5-May-25,South Carolina,North Charleston,6800 block of Ward Ave,1,3,1,0,0,N/A
3203390,5-May-25,Pennsylvania,Sharon,317 Baldwin Ave,0,4,0,0,0,N/A
3201452,4-May-25,Oklahoma,Tulsa,E 2nd St S and S Elgin Ave,0,5,1,1,0,N/A
3201117,4-May-25,Texas,Houston,6000 block of Cherry Hill Ave,1,15,0,0,0,N/A
3201936,4-May-25,Arizona,Glendale,6729 N 57th Dr,3,5,0,0,0,N/A
3201959,4-May-25,Colorado,Denver,1900 block of Market St,0,4,0,0,1,N/A
3199958,2-May-25,Maryland,Gwynn Oak (Woodlawn),1800 block of Woodlawn Dr,1,3,0,0,0,N/A
3198160,29-Apr-25,Minnesota,Minneapolis,1508 E 25th St,4,1,0,0,1,N/A
3195984,27-Apr-25,North Carolina,Elizabeth City,1704 Weeksville Rd,1,3,0,0,0,N/A
3196464,27-Apr-25,Tennessee,Memphis,2871 S Perkins Rd,1,4,0,0,0,N/A
3196061,27-Apr-25,North Carolina,Rocky Mount,W End St,0,4,0,0,2,N/A
3195885,26-Apr-25,South Carolina,Myrtle Beach,913 N Ocean Blvd,0,11,1,0,0,N/A
3189434,20-Apr-25,Texas,Houston,12929 Nyack Dr,0,4,0,0,0,N/A
3190014,20-Apr-25,Louisiana,Ruston,302 S Farmerville St,1,5,0,0,1,N/A
3189178,19-Apr-25,Tennessee,Memphis,Mosby Ave and N Dunlap St,1,4,0,0,0,N/A
3188506,18-Apr-25,Texas,Garland,3820 W Walnut St,1,3,0,0,2,N/A
3187190,17-Apr-25,Florida,Tallahassee,75 N Woodward Ave,2,5,0,1,1,N/A
3185538,15-Apr-25,Texas,Dallas,5520 Langdon Rd,0,5,0,0,1,N/A
3184200,13-Apr-25,Arkansas,Conway,600 5th Ave,2,9,0,0,4,N/A
3184539,13-Apr-25,Missouri,Saint Louis,3800 block of Natural Bridge Ave,1,4,0,0,0,N/A
3184153,13-Apr-25,Louisiana,New Orleans,100 block of Decatur St,0,5,0,0,2,N/A
3184142,13-Apr-25,Florida,Daytona Beach,155 Ontario Ct,1,3,0,0,0,N/A
3183722,12-Apr-25,Texas,Crosby,13203 Crosby Lynchburg Rd,1,6,0,0,0,N/A
3182714,11-Apr-25,California,Stockton,517 Doctor MLK Jr Blvd,0,6,0,0,0,N/A
3181158,9-Apr-25,Tennessee,Memphis,4005 S Mendenhall Rd,1,5,0,0,1,N/A
3180141,8-Apr-25,Virginia,Fredericksburg,415 Olde Greenwich Cir,3,3,0,1,5,N/A
3178598,5-Apr-25,California,Los Angeles,11000 block of S Manhattan Pl,1,4,0,0,0,N/A
3177421,4-Apr-25,Tennessee,Knoxville,8039 Ray Mears Blvd,0,4,0,0,0,N/A
3176539,2-Apr-25,Maine,Sabattus,916 Middle Road,2,2,1,0,0,N/A
3173826,31-Mar-25,Texas,San Antonio,10227 Ironside Dr,0,4,1,0,0,N/A
3173233,30-Mar-25,Indiana,Whiting,1516 Indianapolis Blvd,2,3,0,0,1,N/A
3173872,30-Mar-25,California,San Francisco,58 Middle Point Rd,0,4,0,0,0,N/A
3173569,30-Mar-25,Texas,Austin,215 E 6th St,0,4,0,0,1,N/A
3172689,29-Mar-25,Maryland,Baltimore,400 block of Venable Ave,0,4,0,0,2,N/A
3173790,29-Mar-25,South Carolina,Orangeburg,1175 Five Chop Rd,0,7,0,0,1,N/A
3172644,29-Mar-25,Washington,Tacoma,17800 block of 25th Ave Ct E,2,4,0,1,2,N/A
3170672,26-Mar-25,Florida,Hallandale (Hallandale Beach),3181 W Hallandale Beach Blvd,4,1,1,0,0,N/A
3166785,23-Mar-25,Texas,Houston,6419 1/2 Hillcroft St,0,6,0,0,1,N/A
3166540,22-Mar-25,Mississippi,Jackson,Lamar St and Pearl St,1,7,0,0,3,N/A
3166569,22-Mar-25,Louisiana,Natchitoches,LA-1225 and Catholic Ln,0,4,0,0,0,N/A
3166767,21-Mar-25,Washington,Moses Lake,500 block of W Loop Dr,1,4,0,1,3,N/A
3166052,21-Mar-25,New Mexico,Las Cruces,850 S Walnut St,3,15,0,0,4,N/A
3166856,21-Mar-25,Georgia,Brunswick,5700 Altama Ave,1,3,0,0,0,N/A
3165724,19-Mar-25,Alabama,Selma,2800 block of Summerfield Rd,1,3,0,0,1,N/A
3163394,18-Mar-25,Georgia,Savannah,1900 Westlake Ave,0,5,0,0,4,N/A
3161961,15-Mar-25,New Jersey,Verona,10 Park Pl,0,4,0,0,0,N/A
3161176,15-Mar-25,Louisiana,Shreveport,204 Texas St,2,2,0,0,1,N/A
3161075,14-Mar-25,Illinois,Chicago,1949 W 51st St,0,4,0,1,3,N/A
3157288,10-Mar-25,Alabama,Huntsville,708 Poplar Ave NW,0,4,0,0,1,N/A
3152807,4-Mar-25,Maryland,Severn,8100 block of Meade Village Rd,2,2,0,0,0,N/A
3152667,4-Mar-25,Louisiana,Mamou,Ballpark Rd,2,12,0,0,1,N/A
3150651,2-Mar-25,Texas,Houston,3333 Raleigh St,0,5,0,0,1,N/A
3152206,2-Mar-25,Mississippi,Biloxi,279 Caillavet St,0,6,0,0,1,N/A
3151104,2-Mar-25,Louisiana,Franklinton,Greenlaw St,0,5,0,0,1,N/A
3151577,2-Mar-25,Virginia,Portsmouth,2900 block of Arcadia Ave,1,3,0,0,1,N/A
3151474,1-Mar-25,California,Hayward,21933 Foothill Blvd,0,4,0,0,0,N/A
3151139,1-Mar-25,Alabama,Sardis,304 Co Rd 134,0,6,0,0,1,N/A
3149025,27-Feb-25,Ohio,Columbus,480 block of Kimball Pl,1,3,0,0,0,N/A
3146395,24-Feb-25,Texas,Dallas,Canada Dr and Gulden Ln,3,2,0,0,2,N/A
3144174,22-Feb-25,Pennsylvania,York,1701 Innovation Dr,1,5,1,0,0,N/A
3144274,21-Feb-25,Indiana,Lake Station,6700 block of 9th Ave,4,0,1,0,0,N/A
3141807,18-Feb-25,Florida,Tampa,2600 E 28th Ave,1,3,0,0,0,N/A
3140814,16-Feb-25,Georgia,Decatur,5300 block of Panola Industrial Blvd,1,4,0,0,0,N/A
3139838,15-Feb-25,Virginia,Roanoke,4100 block of Melrose Ave NW,0,4,0,1,1,N/A
3138476,12-Feb-25,Missouri,Saint Louis (Ferguson),7000 block of Halpin Dr,1,3,0,0,0,N/A
3136711,10-Feb-25,Wyoming,Byron,239 E Shoshone Ave,4,0,1,0,0,N/A
3135132,9-Feb-25,California,Woodland Hills,5850 Winnetka Ave,1,6,0,0,0,N/A
3135318,8-Feb-25,North Carolina,Raleigh,1000 block of Auston Grove Dr,0,4,0,0,0,N/A
3134984,8-Feb-25,Arizona,Casa Grande,500 block of W 13th Pl,1,5,0,0,0,N/A
3134788,8-Feb-25,Oklahoma,Tulsa,11800 block of E 21st St,2,2,0,0,3,N/A
3134608,7-Feb-25,Georgia,Atlanta,Lakewood Ave SE and Lethea St SE,0,4,0,0,0,N/A
3134167,6-Feb-25,Florida,Quincy,3749 Pat Thomas Pkwy,2,3,1,0,0,N/A
3131985,4-Feb-25,Ohio,New Albany,8825 Smiths Mill Rd N,2,4,0,0,1,N/A
3130376,2-Feb-25,Pennsylvania,Allentown,1500 Union Blvd,1,3,0,0,2,N/A
3129861,1-Feb-25,Oregon,Clatskanie,Quincy Mayger Rd and Ilmari Rd,1,3,1,0,0,N/A
3129663,31-Jan-25,California,Los Angeles,13200 block of Jarvis Avenue,2,5,0,0,0,N/A
3127740,29-Jan-25,Tennessee,Memphis,900 block of College Park Dr,2,2,0,1,1,N/A
3125975,27-Jan-25,Indiana,Elkhart,575 E Jackson Blvd,2,2,1,0,0,N/A
3126004,26-Jan-25,Virginia,Richmond (Bon Air),10016 Robious Rd,0,5,0,0,1,N/A
3124977,26-Jan-25,Texas,Amarillo,709 S Polk St,1,8,0,0,1,N/A
3124458,25-Jan-25,Tennessee,Memphis,2590 Park Ave,0,4,0,0,2,N/A
3123627,24-Jan-25,Alabama,Mobile,1200 Murray Hill Ct,1,3,0,0,1,N/A
3121297,22-Jan-25,California,Los Angeles,600 block of S Alvarado St,0,5,0,1,1,N/A
3122078,22-Jan-25,Texas,San Antonio,18777 Stone Oak Pkwy,0,7,1,0,0,N/A
3121802,22-Jan-25,Maryland,Baltimore,5400 block of York Rd,1,3,0,0,0,N/A
3121591,21-Jan-25,Minnesota,Minneapolis,W 29th St and Pleasant Ave,0,4,0,0,0,N/A
3119395,19-Jan-25,Florida,Boynton Beach,500 block of NE 2nd St,0,5,1,0,0,N/A
3118521,18-Jan-25,Louisiana,New Orleans (River Ridge),10133 Stephen Dr,2,2,1,0,0,N/A
3116474,16-Jan-25,Colorado,Colorado Springs,7000 block of Dove Creek Cir,1,3,0,0,5,N/A
3115486,14-Jan-25,Texas,Houston,12867 Greens Bayou St,2,2,0,0,0,N/A
3114020,12-Jan-25,Nebraska,Omaha,N 24th St and Binney St,1,4,0,0,0,N/A
3113477,11-Jan-25,Louisiana,Dubberly,5185 State Rte 531,0,6,0,0,4,N/A
3109523,5-Jan-25,Arizona,Tucson,3000 S Mission Rd,0,4,0,0,1,N/A
3108706,3-Jan-25,District of Columbia,Washington,1500 block of Harry Thomas Way NE,0,4,0,1,1,N/A
3107148,1-Jan-25,New York,Corona (Queens),91-12 144th Pl,0,10,0,0,0,N/A
3106647,1-Jan-25,Illinois,Kankakee,1845 Pierson Pkwy,2,5,0,0,0,N/A
3106379,1-Jan-25,Louisiana,New Orleans,Bourbon St and Iberville St,1,7,1,0,0,N/A
3107042,1-Jan-25,Texas,Dallas,2900 block of St George Dr,1,3,0,0,1,N/A
